Best Performance,Running Time
4584.6,0.15008306503295898
4630.4,0.14271092414855957
5674.0,0.14784526824951172
4338.8,0.15192508697509766
8930.4,0.1536550521850586
4427.2,0.14911198616027832
4683.0,0.14962506294250488
5003.8,0.1433558464050293
4402.0,0.15098190307617188
4372.0,0.15004515647888184
