Best Performance,Running Time
31.4676,0.037889957427978516
30.7448,0.039659976959228516
32.1214,0.0380101203918457
31.4334,0.038736820220947266
31.4314,0.038197994232177734
31.1622,0.03792691230773926
31.2602,0.03794097900390625
31.1982,0.038112640380859375
31.7572,0.0399167537689209
31.3498,0.0383448600769043
