Best Performance,Running Time
1.472,0.02172374725341797
1.52,0.02272796630859375
1.46,0.021774768829345703
1.514,0.02230691909790039
1.514,0.02187180519104004
1.472,0.021776914596557617
1.514,0.02180314064025879
1.514,0.021847009658813477
1.46,0.02303910255432129
1.472,0.021917104721069336
