Best Performance,Running Time
57714.6,0.26456403732299805
57396.4,0.2696259021759033
59584.0,0.2671351432800293
57967.0,0.26920104026794434
56961.4,0.2660090923309326
58724.2,0.26703500747680664
58468.4,0.27143287658691406
56733.4,0.26229095458984375
55383.4,0.2689850330352783
59158.0,0.2692248821258545
