Best Performance,Running Time
46039.0,0.04391884803771973
45980.8,0.03892016410827637
46035.0,0.0390472412109375
45939.8,0.05016136169433594
46022.8,0.039907217025756836
45980.8,0.039337873458862305
46095.0,0.04004406929016113
46039.0,0.039121150970458984
46070.8,0.04008603096008301
46035.0,0.0405728816986084
