Best Performance,Running Time
0.000993048659384,0.10063600540161133
0.000993048659384,0.10213184356689453
0.000993048659384,0.09905004501342773
0.000993048659384,0.10166311264038086
0.000993048659384,0.09917116165161133
0.000993048659384,0.09882187843322754
0.000993048659384,0.10080838203430176
0.000993048659384,0.10102081298828125
0.000993048659384,0.10207700729370117
0.00198609731877,0.09991908073425293
