Best Performance,Running Time
0.00017702899054,0.0513920783996582
0.0,0.05082869529724121
0.0,0.050753116607666016
2.72352293138e-06,0.0514678955078125
2.17881834511e-05,0.05079507827758789
1.90646605197e-05,0.05076193809509277
2.72352293138e-06,0.051264047622680664
1.49793761226e-05,0.05062699317932129
1.08940917255e-05,0.05221199989318848
8.17056879415e-06,0.05103731155395508
