Best Performance,Running Time
22.248,0.05175185203552246
22.496,0.05539107322692871
23.056,0.05295586585998535
22.984,0.052427053451538086
23.06,0.05310535430908203
22.142,0.0532689094543457
22.138,0.05263328552246094
21.694,0.05274796485900879
22.646,0.0558319091796875
21.772,0.05355715751647949
